id,last_name,title,country_code
1,Howard,Brand Consultant,US
2,Wright,Head Relations Consultant,USA
3,Simmons,Principal Brand Executive,US
4,Carter,Brand Consultant,US
5,Richardson,Content Specialist,US
6,Gray,Operations Administrator,US
7,Morris,Senior Finance Executive,US
8,Lee,Brand Specialist,US
9,Griffin,Principal Customer Care Manager,US
10,Wilson,Engineer,US
11,Scott,Junior Finance Executive,US
12,Collins,Analyst,US
13,Rodriguez,Principal Marketing Executive,US
14,Young,Brand Administrator,US
15,Young,Brand Administrator,US
16,Morris,Sales Administrator,US
17,Hall,Planning Consultant,US
18,Peterson,Principal Analyst,US
19,Hall,Junior Engineering Director,US
20,Coleman,Engineer,US
21,Sanders,Marketing Director,US
22,Watson,Strategy Director,US
23,Jones,Sales Specialist,US
24,Walker,Assistant Customer Care Director,US
25,Watson,Principal Account Manager,US
26,Hayes,Planning Specialist,US
27,Long,Associate Operations Specialist,US
28,Powell,Editing Consultant,US
29,Stewart,Assistant Marketing Administrator,US
30,Russell,Principal Relations Consultant,US
31,Murphy,Principal Support Consultant,US
32,Patterson,Assistant Relations Administrator,US
33,Collins,Junior Strategist,US
34,Wood,Principal Relations Director,US
35,Stewart,Head Content Administrator,US
36,Williams,Relations Director,US
37,Carter,Associate Research Manager,US
38,Cooper,Principal Budget Executive,US
39,Gray,Analyst,US
40,Rodriguez,Developer,US
41,Flores,Junior Developer,US
42,Rodriguez,Account Specialist,US
43,Thomas,Strategist,US
44,Carter,Lead Engineer,US
45,Patterson,Customer Care Administrator,US
46,Baker,Senior Analyst,US
47,Hill,Head Editing Director,US
48,Bryant,Head Strategy Director,US
49,Hall,Analyst,US
50,Richardson,Head Service Executive,US
51,Butler,Sales Manager,US
52,Wright,Operations Consultant,US
53,Young,Associate Accounting Manager,US
54,Bennett,Research Director,US
55,Rogers,Support Administrator,US
56,Jackson,Account Director,US
57,Wilson,Senior Planning Manager,US
58,Parker,Associate Budget Director,US
59,Gray,Brand Administrator,US
60,Russell,Junior Editor,US
61,Bell,Principal Strategist,US
62,Evans,Finance Director,US
63,Campbell,Head Budget Manager,US
64,Collins,Sales Executive,US
65,Cox,Junior Brand Executive,US
66,Johnson,Junior Marketing Manager,US
67,Campbell,Research Manager,US
68,Rivera,Junior Relations Executive,US
69,Wright,Accountant,US
70,Peterson,Finance Manager,US
71,Ward,Senior Accountant,US
72,Morgan,Research Manager,US
73,Johnson,Editing Administrator,US
74,Butler,Planning Specialist,US
75,Rogers,Marketing Specialist,PR
76,Hernandez,Analyst,NO
77,Price,Content Director,CX
78,Brooks,Research Manager,BM
79,Powell,Assistant Sales Specialist,BV
80,Wood,Research Administrator,CW
81,Flores,Sales Rep,CF
82,Mitchell,Sales Specialist,TN
83,White,Support Specialist,GT
84,Jenkins,Principal Operations Manager,LY
85,Jones,Associate Support Manager,TD
86,Long,Operations Specialist,SD
87,Robinson,Senior Operations Director,RE
88,Murphy,Finance Consultant,CK
89,Sanders,Accountant,CW
90,Hernandez,Lead Developer,BM
91,Gray,Analyst,PR
92,Barnes,Principal Editing Administrator,BB
93,Ramirez,Principal Analyst,BQ
94,Bennett,Planning Director,HN
95,Mitchell,Analyst,MZ
96,Perez,Principal Strategist,JP
97,Powell,Operations Administrator,BH
98,Griffin,Head Research Consultant,IL
99,Richardson,Support Specialist,PG
100,Cox,Head Sales Specialist,LU